,DateTime,Hydro,Coal,Utility Solar,Petroleum Liquids,All,Wind,Natural Gas,Petroleum Coke,Other Renewable,Geothermal,Nuclear
0,2001-01-01,2128.48116667,186.070916667,45.18925,77.9369166667,16549.6726667,291.644833333,9327.68916667,176.6375,1802.46802167,1015.10783333,2768.29333333
1,2001-02-01,2205.60025,186.368,45.5878333333,56.6499166667,16380.6905,291.48025,9035.60241667,172.14125,1810.35136417,1020.29425,2840.53425
2,2001-03-01,2258.17608333,186.354916667,46.5005833333,43.4869166667,16236.9471667,291.96575,8787.058,165.84275,1820.54226167,1025.21625,2893.78141667
3,2001-04-01,2315.485,195.599333333,47.5718333333,34.0924166667,16231.94925,289.219333333,8639.55175,165.165916667,1832.67051667,1030.64058333,2956.9795
4,2001-05-01,2383.60525,191.664333333,48.1625,27.9585833333,16078.1833333,290.62125,8341.70125,162.045,1840.82941,1033.88875,3023.02983333
5,2001-06-01,2418.39975,188.81275,46.21075,19.93425,15833.1545,299.009416667,8005.276,159.419666667,1861.27322167,1045.58325,3065.86775
6,2001-07-01,2445.533,187.912166667,46.57775,15.6855,15689.1464167,308.900666667,7882.34475,159.035,1882.19969333,1053.11641667,2992.25566667
7,2001-08-01,2468.8445,186.305583333,46.0431666667,12.422,15675.69475,309.144833333,7843.79141667,158.235583333,1893.978645,1059.39191667,2981.71125
8,2001-09-01,2490.4515,184.780916667,45.1808333333,11.3720833333,15547.2320833,314.80775,7702.76166667,159.64325,1906.4009425,1066.4585,2974.693
9,2001-10-01,2521.45391667,186.396,44.1674166667,11.0549166667,15558.4626667,314.951666667,7669.41175,161.335916667,1915.66469833,1071.8765,2973.58783333
10,2001-11-01,2525.22525,193.063166667,45.0145,10.5609166667,15425.76875,317.5435,7513.396,157.410083333,1930.9431425,1079.96891667,2972.60016667
11,2001-12-01,2559.72458333,194.313166667,46.1729166667,11.13075,15361.0339167,318.769166667,7477.93116667,155.090666667,1943.2964175,1084.53841667,2897.21666667
12,2002-01-01,2595.05233333,193.984,46.1976666667,10.953,15350.8363333,316.887083333,7468.67033333,152.4695,1950.58177,1089.468,2862.695
13,2002-02-01,2602.1095,194.594583333,46.3568341667,10.8399166667,15319.52175,315.038416667,7487.65283333,153.854166667,1948.61312667,1088.66325,2809.6755
14,2002-03-01,2664.81641667,195.503333333,45.88069,9.87625,15357.9370833,318.350666667,7549.31608333,156.777666667,1955.01495583,1089.47858333,2716.79408333
15,2002-04-01,2675.37725,192.8655,46.3501975,11.61525,15247.5915,323.226916667,7487.02425,157.08625,1959.11019417,1087.0415,2656.91125
16,2002-05-01,2666.09191667,189.981083333,47.5546141667,12.2843333333,15220.73375,324.440583333,7486.4505,156.730583333,1967.3290175,1089.77925,2631.41941667
17,2002-06-01,2753.208,190.1445,48.4149475,13.5695833333,15367.8531667,322.36425,7468.53275,158.98925,1958.45231917,1085.58458333,2725.44825
18,2002-07-01,2823.73366667,189.53925,48.0098641667,18.0169166667,15368.7809167,321.7075,7335.45916667,160.2555,1958.89408333,1090.04333333,2796.61108333
19,2002-08-01,2886.87975,190.508916667,46.0828641667,23.0928333333,15483.2828333,320.7485,7371.64583333,162.673583333,1955.73062083,1088.75758333,2807.47133333
20,2002-09-01,2921.20275,190.70175,45.0052808333,29.2741666667,15563.4506667,314.053166667,7402.9485,163.482,1949.98590333,1086.65933333,2817.04908333
21,2002-10-01,2957.0495,191.6985,45.2773641667,32.2709166667,15648.8905,317.8155,7438.82225,164.339166667,1953.72072667,1086.49516667,2820.99325
22,2002-11-01,2985.74475,190.757416667,45.6506975,34.3630833333,15864.5359167,317.83475,7594.37016667,165.868333333,1954.27925333,1084.66,2850.56116667
23,2002-12-01,3000.02083333,194.321833333,44.4719475,33.6168333333,16006.1879167,320.321666667,7632.21358333,165.791333333,1952.09339917,1079.96041667,2935.77591667
24,2003-01-01,3030.89191667,193.858666667,44.4671975,33.007,16065.7118333,324.619166667,7619.34841667,166.347,1962.09306583,1081.81341667,2966.14908333
25,2003-02-01,3042.68882583,193.7738325,44.3934466667,33.4727533333,16154.8284717,326.355644167,7640.20938,167.352821667,1963.72685083,1082.33661583,3005.15091667
26,2003-03-01,3029.01727333,195.113478333,43.7823408333,33.88964,16267.5656325,327.102954167,7693.0275775,167.984614167,1969.1103925,1086.70175917,3061.60258333
27,2003-04-01,3110.95435917,197.1990075,43.9928333333,33.8952141667,16384.4790425,323.9571975,7756.75516833,169.388003333,1964.8961125,1087.0603175,3027.27491667
28,2003-05-01,3164.1815275,193.507991667,43.67325,34.6176283333,16523.9880883,321.895761667,7916.50605667,169.970589167,1961.13114167,1085.45800083,2969.86533333
29,2003-06-01,3053.69127667,193.1580875,44.76625,33.7792641667,16525.60149,336.931505833,8067.48716833,169.332853333,1984.31140833,1087.1331125,2898.9385
30,2003-07-01,2988.97407833,192.6680975,44.5368333333,29.5001433333,16526.6273633,348.050598333,8138.44712833,171.5531025,1995.31986083,1085.77116083,2872.12933333
31,2003-08-01,2953.82978667,192.804031667,46.1419166667,25.6944758333,16474.613125,361.077706667,8117.46384667,170.710085,2009.472445,1087.93737667,2865.1455
32,2003-09-01,2925.63124167,192.643681667,47.05,19.4913883333,16477.5575958,369.041493333,8148.782855,172.291551667,2016.5304,1089.30676583,2862.948
33,2003-10-01,2887.13816083,190.27902,47.4043333333,16.4022875,16446.05025,370.592590833,8171.98719083,173.012383333,2014.7794525,1086.6589,2850.62358333
34,2003-11-01,2872.42494167,187.608486667,47.2139166667,14.253745,16305.3284967,368.464055833,8138.15740667,170.331879167,2014.08582,1089.84091167,2764.34366667
35,2003-12-01,2862.18998833,183.367931667,47.3,13.8688091667,16258.015255,365.748805,8250.4482425,172.661915,2012.09092667,1094.4412375,2622.64516667
36,2004-01-01,2845.07744083,186.4840275,47.5741666667,14.3331475,16231.69625,358.822939167,8351.85273833,174.24164,1997.57494417,1092.108845,2522.32391667
37,2004-02-01,2808.93812167,182.2226275,47.2249166667,15.0348391667,16183.6631417,362.539555833,8349.037915,176.224863333,1996.51677167,1089.5815275,2522.02725
38,2004-03-01,2813.8376925,178.320296667,47.3920833333,14.783075,16085.7351808,358.196305833,8263.16933,179.0962,1977.9638625,1078.51350083,2518.63941667
39,2004-04-01,2770.73080833,176.37047,46.1005,13.5543183333,16035.1681808,362.086316667,8172.70160583,181.10486,1977.5202175,1075.87941833,2600.9745
40,2004-05-01,2775.71109417,182.785895833,46.1383333333,12.7287791667,16040.5152992,364.569805833,8051.597855,184.210866667,1980.22895667,1078.713505,2686.62258333
41,2004-06-01,2914.018505,183.4313425,46.0176116667,13.9664216667,16150.7546592,357.686910833,7962.332235,186.084989167,1978.59820917,1083.223355,2741.13125
42,2004-07-01,3023.84307083,183.226625833,45.9376116667,14.2300183333,16262.4525467,349.444599167,7927.05087417,185.5614325,1971.62132083,1085.03644,2776.47191667
43,2004-08-01,3095.09019583,181.78554,45.032695,16.6777858333,16392.2252858,341.86198,7975.745675,184.921803333,1961.51521417,1083.90122917,2783.09666667
44,2004-09-01,3136.96011,179.439115,45.171945,21.60939,16516.0154775,332.925949167,8046.61591167,184.722549167,1951.66727083,1083.6478,2784.08708333
45,2004-10-01,3173.18384,178.825068333,45.1528616667,21.7025825,16459.5018625,336.726883333,7939.21573583,186.175619167,1955.52112833,1086.2239525,2785.15816667
46,2004-11-01,3209.0702475,179.011530833,45.442945,21.4249658333,16477.4298408,341.983291667,7851.18898833,189.3459575,1956.05518667,1084.23251333,2847.38166667
47,2004-12-01,3238.5135875,181.51597,45.1786116667,21.2790316667,16534.0355025,347.119088333,7786.0348,189.632691667,1962.14056583,1084.56192083,2922.30008333
48,2005-01-01,3302.6555475,177.9479025,44.7261116667,21.3912641667,16691.0681725,355.185751667,7779.48744083,190.583506667,1971.18726083,1085.21993333,3012.90816667
49,2005-02-01,3484.3173575,180.905115833,45.0660283333,20.0832883333,16829.0270883,364.026188333,7759.85306,190.636621667,1978.1363075,1082.17890333,2968.26508333
50,2005-03-01,3586.1947575,182.011343333,45.5805283333,20.2407516667,16958.1830392,369.4462925,7788.29647583,189.208526667,1988.52407083,1084.90996167,2956.30991667
51,2005-04-01,3734.18772083,179.2712375,45.1795283333,19.5385891667,17111.6275858,373.95716,7842.75095333,187.7150225,1995.00441417,1088.688005,2899.22791667
52,2005-05-01,3890.9608725,179.56127,44.7246116667,18.5285725,17080.0050867,374.034105833,7824.335215,189.08897,1985.7569175,1083.15342333,2750.89933333
53,2005-06-01,3973.06338417,176.974165833,43.812,19.451295,17173.8098517,376.204815833,7924.9047575,186.927959167,1968.3908825,1069.32087917,2684.65491667
54,2005-07-01,4015.69452417,177.764309167,42.2033333333,20.8988666667,17406.1359892,377.193479167,8110.282235,185.227123333,1961.3088525,1064.94367833,2690.96441667
55,2005-08-01,4030.24864417,177.55549,41.2998333333,19.6775775,17633.1031358,380.599600833,8323.31736917,185.680425,1962.25112167,1064.41228917,2695.65225
56,2005-09-01,4047.81119083,180.252729167,41.8365833333,18.3836566667,17643.4324908,390.257416667,8306.38646917,184.198200833,1974.67638583,1066.98156,2700.52133333
57,2005-10-01,4046.74515417,182.538584167,41.27975,20.292445,17811.3300308,390.056210833,8462.424365,181.593184167,1974.73799833,1067.11851083,2716.07183333
58,2005-11-01,4035.20164833,183.477561667,40.8771666667,21.7117141667,17968.6678942,396.231076667,8635.079215,178.867463333,1980.90364583,1068.22857167,2708.47075
59,2005-12-01,4049.539165,186.2167825,41.1713333333,22.8118166667,18074.0887433,402.487035,8722.52627667,176.391285833,1986.88829167,1066.70161,2708.31233333
60,2006-01-01,4003.94834083,186.278494167,41.2143333333,22.6794241667,18066.5573492,406.900083333,8807.5930175,174.668413333,1992.94961417,1068.452835,2663.21841667
61,2006-02-01,3795.6509525,188.091745833,41.2588875,23.3781241667,18071.5997875,402.877814167,8932.250965,173.227344167,2014.43227583,1073.594785,2729.67075
62,2006-03-01,3623.15165667,189.540866667,41.2666525,23.05112,18062.0909333,410.545339167,9020.30645083,172.019765,2020.346185,1075.03682667,2796.10458333
63,2006-04-01,3412.70449167,189.0632025,42.5612858333,23.8403816667,17912.91447,415.027563333,9001.4447475,169.761576667,2019.17156667,1070.8173675,2877.17491667
64,2006-05-01,3151.75002667,191.580456667,42.7163125,27.8337783333,17936.0587292,430.193930833,9099.919765,168.522814167,2038.67885083,1074.31719,3028.52925
65,2006-06-01,2915.08291333,194.0199225,43.9007308333,29.1104866667,17767.8228475,443.115525833,9135.63594,169.1162625,2057.1098275,1081.22414917,3040.01516667
66,2006-07-01,2703.64982833,194.517144167,45.0339258333,29.937975,17569.9912725,454.195224167,9169.3842375,169.585585,2072.12269833,1085.13467417,3012.61175
67,2006-08-01,2598.43011583,194.773456667,46.3904275,29.2341391667,17366.2287417,465.6040975,9064.32696083,168.737566667,2083.05182333,1085.06174833,3011.17316667
68,2006-09-01,2515.9317625,194.681258333,44.9874366667,28.1180266667,17481.4377892,473.882006667,9281.7125525,168.489515833,2085.36949917,1082.7209825,2990.68875
69,2006-10-01,2461.64009917,194.605865833,45.3332483333,25.5645808333,17484.1294192,480.875176667,9334.1535,168.551403333,2091.25811333,1083.03726,2990.59125
70,2006-11-01,2416.61957583,194.212875,46.1131458333,24.4825425,17467.2189725,476.928679167,9400.5032525,169.320255833,2086.47143,1082.8924475,2959.64725
71,2006-12-01,2364.25169583,191.300939167,46.5003,23.2085583333,17539.0031883,468.263815,9501.7499575,171.6074225,2077.38140083,1084.01112833,2997.18675
72,2007-01-01,2277.31257417,191.525465833,46.4140841667,23.157285,17570.6317392,465.411113333,9641.705865,171.340575,2070.4381025,1082.55924917,2982.7075
73,2007-02-01,2241.01660417,190.765451667,46.3758666667,22.5399575,17663.0625667,468.604245833,9841.66701917,168.445815833,2048.17266167,1081.519915,2936.0595
74,2007-03-01,2200.04075417,187.131315,47.1175333333,22.8169308333,17677.9019492,464.864421667,9959.4211125,166.918131667,2049.76274333,1083.96820167,2878.13516667
75,2007-04-01,2128.61348333,187.464976667,47.8162475,23.6634191667,17652.7688158,465.527108333,10078.0236533,164.877566667,2056.49982083,1085.49576583,2807.00883333
76,2007-05-01,2167.71317167,187.21546,49.3260991667,20.1561366667,17838.2884283,459.3643275,10294.2850767,162.903065833,2055.5010625,1086.1535325,2744.95533333
77,2007-06-01,2188.06816083,185.1741775,48.7480633333,16.3585258333,17862.9691983,455.895928333,10279.350195,158.67318,2056.40329167,1088.4934875,2777.89558333
78,2007-07-01,2188.39483167,184.846865,50.3474091667,13.7239333333,17778.5363992,450.0233025,10199.8626958,153.5998375,2052.138,1086.66213167,2785.02716667
79,2007-08-01,2184.3178275,185.618011667,51.4748191667,11.6882675,17649.09896,452.152119167,10074.61687,148.706095833,2058.16185333,1085.72535667,2785.97375
80,2007-09-01,2230.7521575,186.447741667,53.2466008333,9.013105,17595.3883125,456.198003333,9991.63535083,143.33392,2067.00162917,1084.26451667,2767.95775
81,2007-10-01,2195.24382167,186.942033333,54.5520025,10.0211008333,17554.5633567,449.5373675,10044.3643917,139.025768333,2063.28435333,1082.27511333,2716.05675
82,2007-11-01,2138.05945833,188.459149167,54.954475,10.0041133333,17532.5150517,445.266949167,10081.7864492,135.962995,2059.1429275,1080.292595,2720.55958333
83,2007-12-01,2060.5954675,189.566805,55.05547,10.0266541667,17388.9204367,448.14823,10041.3271283,133.27174,2062.59117917,1078.02059333,2685.821
84,2008-01-01,2010.65080167,190.033375833,55.8734175,13.5053691667,17332.0219025,448.746240833,9999.31143583,131.627161667,2065.32806917,1073.583335,2706.86258333
85,2008-02-01,1971.90919,188.777148333,55.0087375,13.8973566667,17126.3659433,438.662903333,9887.51218583,130.4230925,2055.5858425,1071.10246167,2667.82158333
86,2008-03-01,1989.95766583,190.03853,54.5316941667,14.0546875,17060.1910833,437.195144167,9858.68855917,128.826035833,2056.13140083,1069.00797583,2617.94633333
87,2008-04-01,2060.81894917,190.303875833,54.4783975,14.4204866667,17102.4609417,436.544534167,9824.50696333,126.899508333,2060.10189083,1071.63048417,2625.62466667
88,2008-05-01,2060.28099583,187.674809167,54.61605,14.47705,16940.073165,441.946194167,9598.9996625,124.5393175,2069.42682833,1073.00570417,2693.58091667
89,2008-06-01,2100.50006333,187.284214167,54.98143,14.2801966667,16972.4583825,442.788265,9549.75598333,124.421146667,2072.662095,1073.2315,2727.88625
90,2008-07-01,2151.5939925,184.667846667,53.33299,14.86605,16909.0299642,458.808046667,9393.86788833,124.1255125,2087.46896333,1069.60039833,2747.29858333
91,2008-08-01,2181.95130833,181.306240833,53.7500308333,14.8737816667,17027.9252142,473.680291667,9474.99946,124.1220775,2105.60346917,1068.52463833,2739.384
92,2008-09-01,2148.2472475,176.988575833,53.7828741667,15.6526733333,16952.5949775,476.205995,9426.28584417,123.258103333,2108.00621417,1067.40826833,2748.59558333
93,2008-10-01,2192.85928917,174.2216725,53.4877175,15.196685,17116.426145,482.3669525,9529.65524333,122.4631575,2114.32350833,1066.3614325,2759.07866667
94,2008-11-01,2250.0539525,172.839508333,53.5455983333,14.9535775,17049.8629242,491.387945,9467.93177917,121.935691667,2124.5691075,1064.83790667,2684.96075
95,2008-12-01,2287.6370875,172.441496667,53.8824783333,15.04133,17046.05633,492.461041667,9450.18649333,119.6526575,2127.45103833,1065.56536083,2660.08658333
96,2009-01-01,2324.0030275,170.828906667,53.9491316667,11.384635,17064.6776875,486.651104167,9455.28789333,117.18607,2128.30513417,1071.06524917,2646.98366667
97,2009-02-01,2343.94994833,171.127683333,53.97045,10.7744708333,17126.1782883,486.676585,9490.84228333,114.056611667,2129.71332417,1071.5997275,2653.26775
98,2009-03-01,2344.08986583,172.877416667,53.8417041667,10.1991833333,17186.1733725,484.6805125,9522.3605325,111.53711,2125.15408167,1071.32903667,2692.144
99,2009-04-01,2323.22086333,170.755464167,53.4305716667,8.13445916667,17244.9600033,481.022599167,9656.01119417,110.489305833,2115.39960917,1069.34299833,2652.71383333
100,2009-05-01,2312.16952417,171.9839325,53.6077416667,6.940845,17258.3804142,476.252616667,9756.15651083,107.814261667,2104.7122625,1066.70488583,2590.06641667
101,2009-06-01,2331.44008917,175.133669167,55.7307816667,6.72665333333,17189.9225958,475.261484167,9661.84307167,105.611615,2104.36667,1066.72820583,2597.715
102,2009-07-01,2421.5799225,176.615565,59.1256008333,6.31969333333,17190.1526617,476.687610833,9579.22015833,103.0003725,2108.60139,1066.68401083,2600.23108333
103,2009-08-01,2461.1565125,178.723065,60.9701141667,6.23467666667,17010.6504375,480.5343725,9345.60490667,98.4663866667,2110.68800333,1064.57378917,2610.98058333
104,2009-09-01,2502.95570917,179.690403333,62.5576091667,5.30810833333,16966.795025,484.944095,9221.52648667,95.3931691667,2116.81594833,1063.50810583,2642.55325
105,2009-10-01,2535.86800917,180.368050833,63.9556475,4.76435916667,16801.2820292,490.879148333,8980.59082083,92.27778,2123.84614083,1062.38302167,2683.00458333
106,2009-11-01,2551.73318833,179.0178,63.2894825,4.79381166667,16910.1992175,488.022485,9077.6701025,89.7634058333,2112.58407667,1055.1817875,2693.95291667
107,2009-12-01,2621.10127083,174.883004167,63.9811883333,4.61882083333,16988.9642,493.782619167,9100.691365,87.5136266667,2116.664215,1053.73145417,2683.8735
108,2010-01-01,2785.905835,175.01844,64.1109125,4.47155666667,17010.466295,506.5526675,8960.19278917,83.8025133333,2120.81008667,1050.00816667,2683.39641667
109,2010-02-01,2948.08677833,176.152279167,63.9796766667,4.42054333333,16983.7787658,513.527393333,8763.20241667,81.3374333333,2125.49211833,1049.3558875,2695.44866667
110,2010-03-01,3026.37007667,175.086951667,65.1309825,4.32917,16967.6618675,530.914940833,8623.98562167,80.0457225,2142.95666,1049.37203083,2718.69116667
111,2010-04-01,3181.590685,177.955818333,65.0413275,4.32850916667,16929.4758158,548.678983333,8307.441305,79.3337933333,2162.4482475,1050.11379917,2809.149
112,2010-05-01,3350.6255875,177.791413333,65.6513016667,4.27585916667,16930.8119292,583.246173333,8045.84887833,78.8820158333,2195.6747725,1048.4437225,2870.74016667
113,2010-06-01,3448.53890583,177.062459167,65.21048,4.27376916667,16867.2238125,611.374401667,7924.07882667,78.7459975,2226.28364583,1048.8469625,2801.04483333
114,2010-07-01,3493.43164167,175.168026667,65.9196308333,3.89825666667,16851.5315533,624.156384167,7877.34092333,77.5451616667,2233.483945,1044.97708417,2785.977
115,2010-08-01,3561.57255333,173.6249425,65.5350308333,3.97432583333,16812.6198492,619.5149225,7780.07292333,78.5318783333,2226.41599083,1044.24369333,2785.35616667
116,2010-09-01,3604.91128833,172.326591667,68.3771133333,4.17239666667,16777.4669458,634.252163333,7697.54306583,78.9287433333,2240.84894833,1043.18382917,2777.30808333
117,2010-10-01,3654.80458333,169.623925833,69.6557775,4.4853125,16797.2024192,631.869335833,7699.6977375,77.890245,2236.7948175,1041.09891417,2754.28933333
118,2010-11-01,3680.00598167,169.5096875,73.21211,4.18478583333,16686.3840783,635.515943333,7430.2650925,76.9124966667,2250.59940833,1046.75947917,2880.1415
119,2010-12-01,3670.77058,168.30857,72.8537441667,4.12793083333,16667.1538467,645.834270833,7299.37358917,73.9273558333,2262.2820775,1046.67448417,2986.10541667
120,2011-01-01,3546.45557417,165.181865833,74.0691175,3.88522,16733.7368733,645.986418333,7414.48589583,71.9957458333,2268.53545417,1046.0319175,3055.27058333
121,2011-02-01,3384.87059417,160.1290675,74.3306175,4.21344083333,16768.8286242,661.447001667,7573.36730333,71.7363216667,2282.26622,1040.09770167,3069.53191667
122,2011-03-01,3278.10824417,157.815066667,74.4792083333,4.98321833333,16765.0585567,674.107361667,7740.99586167,69.1144491667,2297.79699167,1037.97527917,2985.7355
123,2011-04-01,3077.46582417,156.608020833,77.6770775,5.3481975,16700.7882267,687.217413333,7996.51223667,67.5331836364,2314.3755975,1034.32764083,2856.70775
124,2011-05-01,2885.61616667,151.420495833,81.5063758333,6.64871416667,16595.912145,671.218354167,8269.12475917,60.6987354545,2304.706745,1036.84426583,2685.57558333
125,2011-06-01,2748.23193083,143.267795833,87.8228283333,7.13216416667,16654.6849808,695.36229,8582.3476575,58.829586,2336.74596333,1035.50008417,2544.27383333
126,2011-07-01,2587.499805,140.296708333,95.2863475,8.13300083333,16672.5254258,723.774155,8894.3616525,56.9250411111,2374.72622667,1037.9955,2378.30358333
127,2011-08-01,2444.87858333,136.01075,101.8373475,8.43968416667,16586.8649325,734.734980833,9088.08626083,52.948135,2393.11516083,1038.87329417,2236.90616667
128,2011-09-01,2356.138365,133.498083333,102.920349167,8.95396083333,16682.7477908,742.4410625,9401.17440333,48.6195514286,2404.04749833,1039.01530583,2102.50075
129,2011-10-01,2289.28618833,131.251020833,106.7663,9.17227333333,16724.4123525,756.988656667,9598.59367917,45.3544016667,2427.34249167,1041.37129583,1989.46058333
130,2011-11-01,2257.05300917,125.540660833,109.568884167,10.1668808333,16853.8130775,787.0443025,9884.04453917,,2462.0114675,1041.01122667,1836.29941667
131,2011-12-01,2220.51809833,120.32549,113.118053333,10.6341875,16822.7273075,783.4037625,10049.5008508,,2463.853485,1042.30750083,1692.38475
132,2012-01-01,2236.447535,114.59027,115.191655,11.1715308333,16626.5472142,812.852473333,9972.36071917,,2497.23711833,1043.2499175,1542.284
133,2012-02-01,2266.37991083,107.684851667,120.268413333,10.8153225,16589.379895,818.0936,9995.19771583,,2512.60768167,1046.88676,1456.68191667
134,2012-03-01,2299.565275,100.483698333,128.118516667,9.99321416667,16519.8995083,830.266090833,9955.75989417,,2527.19020917,1045.48552833,1398.53625
135,2012-04-01,2323.96958917,90.7765658333,139.824230833,9.570595,16476.2519033,854.146095833,9925.9921575,,2564.86590333,1048.1509925,1341.92866667
136,2012-05-01,2319.53870417,86.7937425,149.057954167,8.46344416667,16494.9177825,919.306880833,9852.425205,,2637.78404583,1044.537245,1378.6425
137,2012-06-01,2255.85122167,85.3085975,156.648135833,8.423025,16497.6396967,954.666218333,9816.63779833,,2682.43240833,1042.8319375,1449.8715
138,2012-07-01,2240.10107917,84.5331341667,168.011000833,7.42274416667,16592.852705,977.083499167,9859.47692417,1.37108666667,2720.0196875,1041.86290167,1482.125
139,2012-08-01,2232.678275,83.93753,180.822030833,7.04704666667,16740.9937767,1011.4188575,9976.90792333,1.67559142857,2771.14605417,1042.4552675,1466.42566667
140,2012-09-01,2203.8141775,81.9093116667,207.4318575,6.42845833333,16619.24652,1036.07056667,9845.13344833,2.00086375,2825.8490175,1042.80399333,1467.71025
141,2012-10-01,2147.6968275,79.7954266667,233.434685,5.88091833333,16592.2429175,1074.53604167,9810.14093667,2.21132777778,2890.871945,1042.26232917,1470.24941667
142,2012-11-01,2107.6200625,75.4926533333,257.8661575,4.8693775,16489.8375975,1072.38974833,9719.048835,2.083388,2917.84887167,1042.45882667,1475.30241667
143,2012-12-01,2066.9522825,73.0121066667,285.978208333,4.39437583333,16519.5513892,1086.70253333,9746.31287,1.89398909091,2954.46137167,1031.61070833,1479.8225
144,2013-01-01,1979.54995667,68.5975791667,317.8104,4.00173916667,16673.092885,1068.505035,9960.23827417,1.73615666667,2964.80268417,1025.54758417,1492.66191667
145,2013-02-01,1906.05350167,65.2144966667,342.223423333,4.17452833333,16694.5566942,1069.9651825,10040.5691825,1.73615666667,2987.49106583,1019.0403975,1486.39625
146,2013-03-01,1841.25881583,62.3752683333,365.487418333,4.17146333333,16738.7643658,1078.6164575,10125.3329567,1.73615666667,3015.74852833,1014.2353375,1486.87666667
147,2013-04-01,1771.94232,66.7124933333,405.730908333,4.14057166667,16709.6957733,1078.56611833,10127.0521617,1.73615666667,3055.54504167,1007.17360167,1483.91066667
148,2013-05-01,1702.80290083,66.29721,455.975343333,3.9626925,16742.2768533,1058.21273833,10193.9651283,1.73615666667,3091.93014417,1008.06621167,1485.49966667
149,2013-06-01,1650.40477167,65.7812408333,515.1697975,3.6901775,16778.6326842,1060.33927167,10231.159185,1.6866225,3150.51759583,1006.50142083,1485.68166667
150,2013-07-01,1597.47993083,65.6129625,575.92683,3.7186325,16723.7655425,1079.27256417,10140.9498067,1.62797,3235.18176167,1006.2723775,1497.6565
151,2013-08-01,1525.26909833,65.6898608333,630.546939167,3.73016333333,16708.5778242,1078.85754583,10126.7451292,1.64363333333,3290.3254975,1004.16385333,1512.4465
152,2013-09-01,1464.7935,66.3770433333,682.507531667,3.72616333333,16680.3741417,1077.9549775,10122.409345,1.6653275,3341.9754,1002.71921083,1497.473
153,2013-10-01,1422.067265,67.0666875,733.512411667,3.9068325,16709.7234508,1060.8701975,10167.5990858,1.64759916667,3376.88411,1001.00515,1495.60908333
154,2013-11-01,1388.62226333,67.4366516667,780.286634167,4.02671666667,16831.6682292,1061.55266333,10329.4113767,1.57167916667,3424.176955,999.416940833,1442.24033333
155,2013-12-01,1371.85058583,67.1771458333,813.595395833,4.0218375,16742.1736575,1073.91692083,10220.2204567,1.57167916667,3473.35940583,1008.01980167,1427.85925
156,2014-01-01,1377.61168,67.0632991667,827.651239167,3.95376416667,16567.3018158,1082.70813167,10035.5362908,1.57167916667,3493.06310667,1008.47733417,1415.49816667
157,2014-02-01,1381.10240833,67.2620425,854.5474875,3.91803166667,16444.841295,1056.66075583,9911.38235083,1.57167916667,3494.89826,1012.80943083,1412.69658333
158,2014-03-01,1395.25416333,67.0994083333,894.866936667,3.92446833333,16279.1421,1038.9650725,9651.10460583,1.57167916667,3520.56957417,1017.55853667,1473.29233333
159,2014-04-01,1390.6711925,62.4920466667,940.302713333,3.91015083333,16297.9452958,1019.87659083,9595.27215083,1.57167916667,3544.5001025,1021.58686917,1534.451
160,2014-05-01,1353.80591917,60.1757808333,988.402251667,4.04946333333,16251.9035392,1016.1777,9547.405935,1.57167916667,3579.90501167,1016.62619833,1534.51241667
161,2014-06-01,1285.12906917,58.4048083333,1028.947415,5.29683083333,16169.5631842,1009.10952,9479.49147917,1.3922225,3618.21564583,1019.47232083,1535.88908333
162,2014-07-01,1228.3690175,50.6849341667,1064.79956083,6.4933525,16325.1352008,993.314235833,9671.65472167,0.9943225,3636.2640525,1020.74783667,1536.88016667
163,2014-08-01,1193.54915417,42.8550033333,1113.18087583,6.56149583333,16352.8135008,996.4189275,9693.071505,0.686774166667,3685.1847675,1020.79116,1538.41316667
164,2014-09-01,1175.7753175,35.0002241667,1156.2823175,6.6630125,16456.2849967,1016.20211833,9735.83723167,0.308599166667,3744.92276083,1020.30951417,1551.55733333
165,2014-10-01,1185.92192333,27.7633566667,1178.2656575,6.7298475,16437.5898392,1004.69798917,9726.04013917,0.00174083333333,3739.784385,1008.61194917,1545.03466667
166,2014-11-01,1177.34267333,24.83308,1191.72825667,6.86877666667,16386.9964475,997.037705,9700.1841575,0.0,3731.267095,1002.97264167,1542.00833333
167,2014-12-01,1161.32850667,24.5232016667,1211.83234167,6.89530333333,16361.1984242,989.883431667,9696.05677583,0.0,3735.17989917,995.329361667,1537.61808333
168,2015-01-01,1150.708175,24.8228383333,1234.53200667,7.04290833333,16391.9881383,1019.12987833,9678.30072417,0.0,3782.91428917,990.261251667,1542.11541667
169,2015-02-01,1169.20261917,25.0027541667,1237.46177417,6.9390975,16431.0903183,1061.10214833,9662.99269667,0.721070833333,3811.6155575,980.704539167,1552.65691667
170,2015-03-01,1222.2938,25.16778,1262.59488167,6.93201833333,16527.8919483,1053.531175,9689.6823225,1.13874916667,3823.65795083,974.202516667,1557.34858333
171,2015-04-01,1378.15842,25.3013533333,1267.55373833,6.97393083333,16513.0965725,1093.46356,9491.25574083,1.55568,3853.88456083,964.696676667,1557.42741667
172,2015-05-01,1526.30931583,25.3264558333,1278.01846083,6.87024666667,16469.2861558,1098.74081167,9296.8726,2.1561625,3861.23612,957.4741125,1556.57875
173,2015-06-01,1688.46825833,25.37321,1316.328865,6.8485625,16443.2919475,1091.618155,9156.5276575,2.89384833333,3882.15728,950.6077425,1485.75375
174,2015-07-01,1836.16714083,25.3465291667,1344.30919,6.55379166667,16458.9798958,1091.78385833,9011.72053667,3.52858083333,3898.59440833,943.453595833,1476.302
175,2015-08-01,1964.44433917,25.4380733333,1393.1589175,7.49071666667,16519.2970342,1112.79195833,8887.43215083,3.94282916667,3959.2544725,939.714188333,1477.4475
176,2015-09-01,2062.60532167,25.29941,1437.58595333,7.46116416667,16551.6579942,1108.49269333,8802.10459083,4.49117416667,3992.023135,936.9366,1479.08375
177,2015-10-01,2139.415305,25.7208191667,1485.57116917,7.76807083333,16464.5294067,1123.57292667,8561.97479167,5.08963416667,4060.80278083,946.280889167,1487.16408333
178,2015-11-01,2207.12880167,26.6371408333,1525.3868775,7.74493916667,16434.069975,1145.95136417,8341.24693,5.75380333333,4122.65495167,946.679475,1545.49866667
179,2015-12-01,2292.19309083,26.7857041667,1553.62600083,7.69126,16413.1586508,1138.41515083,8201.28841917,6.35689333333,4142.99773833,949.547496667,1566.48266667
180,2016-01-01,2411.8434575,26.572985,1567.22592833,7.64883916667,16413.6012817,1125.75322333,8089.471995,6.9829125,4142.6886725,954.774918333,1575.6315
181,2016-02-01,2638.35520417,26.3422633333,1587.05616083,7.6952975,16600.2184383,1135.16065833,8001.44525333,6.26184166667,4176.80289917,962.721070833,1571.876
182,2016-03-01,2807.082865,26.2118666667,1576.31616667,8.09933,16649.6549283,1152.82565,7884.25868583,5.84416333333,4179.9436075,964.972855833,1567.19725
183,2016-04-01,2948.95815167,26.1059916667,1633.23210167,8.11744916667,16754.44321,1122.37955083,7818.91878,5.4272325,4215.65080417,971.4030425,1556.71341667
184,2016-05-01,3083.94621917,25.5640333333,1682.64468667,8.141845,16832.8768958,1111.47052,7730.67851417,4.82675,4262.22364,981.340875833,1538.17716667
185,2016-06-01,3230.49090917,24.4884041667,1749.65720583,6.77208083333,17000.2291342,1113.56594667,7690.1269775,4.08906416667,4329.32126417,979.082158333,1537.64475
186,2016-07-01,3328.54363417,24.6717366667,1842.97477333,5.8675975,17000.1681542,1108.89767833,7561.47935667,3.45433166667,4417.19420667,979.629088333,1490.45291667
187,2016-08-01,3405.14382833,24.4245783333,1888.56615833,4.78862583333,17039.8174625,1083.87924417,7508.22984,3.04008333333,4435.88599667,979.192305,1486.49825
188,2016-09-01,3490.94095167,24.5246666667,1919.13800833,4.64679333333,17154.7185008,1096.0773725,7480.87313,2.49173833333,4476.53674,977.928384167,1486.24975
189,2016-10-01,3536.26195167,24.3846233333,1955.23022667,4.14557083333,17218.9857883,1112.96863,7447.28421667,1.89327833333,4526.01357833,976.645004167,1485.621
190,2016-11-01,3561.61281167,24.3179691667,2001.38617833,3.96634416667,17211.0872533,1105.00763583,7375.35817833,1.22910916667,4552.59980333,968.263195,1492.19816667
191,2016-12-01,3569.60449083,24.3307016667,1997.23108917,3.98534416667,17238.6975167,1102.48077333,7389.97347167,0.626019166667,4546.66967417,966.48055,1492.77258333
192,2017-01-01,3530.26176667,24.2576816667,2029.40961583,3.81635166667,17178.8660067,1068.57143917,7362.51106333,0.0,4545.31873833,963.2992225,1491.75658333
193,2017-02-01,3344.25458417,24.28427,2064.2223,3.74716,16971.0969617,1090.10463917,7294.34237167,0.0,4606.81176333,962.069068333,1493.50908333
194,2017-03-01,3144.0586875,24.2569225,2121.3952325,3.88574416667,16873.7142442,1117.35429667,7334.25956,0.0,4700.78220417,966.7095875,1448.20016667
195,2017-04-01,2921.1108225,23.95857,2130.24820333,3.88107,16789.6929208,1151.75692917,7478.91348333,0.0,4744.36213333,967.638894167,1404.68233333
196,2017-05-01,2818.46811417,24.1663016667,2164.84946417,3.81787916667,16794.3786758,1171.37259,7530.87233667,0.0,4792.06449333,960.911955,1415.81308333
197,2017-06-01,2663.98589917,24.9950416667,2185.07184667,4.07123,16666.08134,1161.41592917,7471.73683083,0.0,4808.79379583,968.679326667,1486.03391667
198,2017-07-01,2529.4644675,24.7796375,2199.5710375,4.1876075,16541.8908333,1143.15794,7419.06892833,0.0,4808.1438175,973.337589167,1542.49025
199,2017-08-01,2429.97774417,24.7997066667,2203.9812875,5.83318833333,16592.5772117,1107.17378917,7592.85631167,0.0,4778.28289,976.8912175,1545.69175
200,2017-09-01,2339.35586917,24.849325,2225.59561833,5.87499416667,16442.0485025,1069.7860425,7565.13857667,0.0,4762.94876083,980.640705833,1540.52408333
201,2017-10-01,2291.468005,24.750955,2248.45894083,5.72244083333,16319.2679175,1034.01246833,7507.20728583,0.0,4750.63204083,983.431833333,1539.8135
202,2017-11-01,2241.8913625,24.2302333333,2241.7019525,5.7272825,16339.0589792,1047.38641,7573.12209917,0.0,4766.661785,990.7355325,1538.50316667
203,2017-12-01,2191.38320167,23.8246241667,2260.5312875,5.72127083333,16418.9381917,1086.50068417,7647.64997833,0.0,4827.23453167,995.190921667,1533.91741667
204,2018-01-01,2158.1285375,23.4440116667,2245.91564833,5.80371916667,16435.5743,1137.5048925,7683.51712417,0.0,4866.9723675,1002.23067833,1517.79325
205,2018-02-01,2153.02188167,23.3827258333,2243.69995833,5.82395,16476.0374675,1133.34937,7743.01946917,0.0,4858.21619083,1001.9972025,1519.08133333
206,2018-03-01,2243.70878818,23.2880690909,2288.40253727,5.52370545455,16802.0585864,1139.39118636,7880.62756909,0.0,4914.39929,1006.49024636,1567.84709091
207,2018-04-01,2288.379462,23.268714,2306.72274,5.751383,17040.445287,1118.065258,8017.54712,0.0,4909.233477,1005.458845,1619.9391
208,2018-05-01,2192.88079,23.4284755556,2279.34461556,6.08085888889,17262.6739689,1083.45056667,8369.16664889,0.0,4864.16543667,1018.19777667,1628.106
209,2018-06-01,2078.84443625,23.31207875,2192.91576,6.0490925,17471.5404138,1031.21140125,8847.8343325,0.0,4722.8159675,1015.4916525,1621.271125
210,2018-07-01,1964.44203,23.1789714286,2056.95221143,6.24628285714,17478.3476971,979.198588571,9179.37114429,0.0,4536.08328429,1017.86276,1618.98028571
