{"Abbreviation":{"0":"AL","1":"AK","10":"ME","11":"MD","12":"AZ","13":"MA","14":"MI","15":"MN","16":"MS","17":"MO","18":"MT","19":"NE","2":"HI","20":"NV","21":"NH","22":"NJ","23":"AR","24":"NM","25":"NY","26":"NC","27":"ND","28":"OH","29":"OK","3":"ID","30":"OR","31":"PA","32":"RI","33":"SC","34":"CA","35":"SD","36":"TN","37":"TX","38":"UT","39":"VT","4":"IL","40":"VA","41":"WA","42":"WV","43":"WI","44":"WY","45":"CO","46":"CT","47":"DE","48":"FL","49":"GA","5":"IN","50":"US","51":"DC","6":"IA","7":"KS","8":"KY","9":"LA"},"State":{"0":"Alabama","1":"Alaska","10":"Maine","11":"Maryland","12":"Arizona","13":"Massachusetts","14":"Michigan","15":"Minnesota","16":"Mississippi","17":"Missouri","18":"Montana","19":"Nebraska","2":"Hawaii","20":"Nevada","21":"New Hampshire","22":"New Jersey","23":"Arkansas","24":"New Mexico","25":"New York","26":"North Carolina","27":"North Dakota","28":"Ohio","29":"Oklahoma","3":"Idaho","30":"Oregon","31":"Pennsylvania","32":"Rhode Island","33":"South Carolina","34":"California","35":"South Dakota","36":"Tennessee","37":"Texas","38":"Utah","39":"Vermont","4":"Illinois","40":"Virginia","41":"Washington","42":"West Virginia","43":"Wisconsin","44":"Wyoming","45":"Colorado","46":"Connecticut","47":"Delaware","48":"Florida","49":"Georgia","5":"Indiana","50":"United States","51":"District of Columbia","6":"Iowa","7":"Kansas","8":"Kentucky","9":"Louisiana"}}